pos,wt,A,C,D,E,F,G,H,I,K,L,M,N,P,Q,R,S,T,V,W,Y
1,M,-3.0723531,-5.164674,-4.11169,-4.2045774,-3.985595,-3.401647,-4.8567195,-3.749767,-4.6766634,-3.0865712,0.0,-4.359016,-4.3851223,-4.8318405,-4.200254,-3.859094,-3.8547113,-3.34435,-5.4285097,-4.3343143
2,I,0.99046993,-1.5817022,-0.3008747,-0.3879428,-0.66270566,0.51937103,-1.2866397,0.0,-0.19728518,0.5341759,-1.2228174,-0.49133658,-0.35256386,-0.63912916,-0.045642853,0.258605,0.10412836,-0.107245445,-2.1187263,-1.5053043
3,S,0.61025167,-1.3126357,0.2109468,0.066883326,-0.89821124,0.69120646,-1.1460426,-0.58505726,-0.52432704,0.039825678,-1.7036154,-0.66282606,-0.40234995,-0.93397117,-0.15035653,0.0,-0.29409957,-0.30395818,-1.7179434,-1.0226386
4,L,0.24293661,-1.8608191,-0.5148871,-0.15040088,-1.1923237,-0.15912294,-1.4049191,-0.6710639,-0.4015813,0.0,-1.5019295,-1.20456,-1.0753043,-0.796345,-0.08611131,-0.47151017,-0.6025479,-0.4782009,-2.1890528,-1.5313804
5,I,1.2723857,-0.7029729,-0.678699,-0.56069064,-0.24612808,0.53870106,-1.4483352,0.0,-0.70658016,0.87911737,-0.7778549,-1.0797153,-0.4002676,-0.9646821,-0.44612455,0.07094908,-0.33131075,-0.061297894,-2.0031128,-0.9474211
6,A,0.0,-1.9817233,-0.16357136,-0.03890896,-1.6438828,-0.15168762,-1.1380692,-1.3518281,-0.1220417,-0.6487441,-2.0656319,-0.56375265,-0.7011013,-0.67714953,-0.10559797,-0.25563145,-0.58281446,-1.0535357,-2.7478604,-1.5737011
7,A,0.0,-1.7996569,-0.049361467,-0.25969553,-1.1718705,0.12024164,-1.0801702,-1.0794849,-0.48844242,-0.36444306,-1.5875087,-0.71040463,-0.7694304,-0.8464174,-0.2051301,-0.23951197,-0.67591286,-0.73557234,-2.2681527,-1.4126902
8,L,0.3915,-1.4036574,0.15372324,0.00574708,-0.9030876,1.9562693,-0.6870475,-0.82878137,0.12688112,0.0,-0.9003961,-0.18588543,-0.33713222,-0.37473536,0.15940571,0.024627447,-0.35146308,-0.46076298,-2.1406527,-1.0335398
9,A,0.0,-1.6209178,0.7172265,0.121193886,-1.1938934,2.1299849,-0.33463907,-1.2852645,0.5351236,-0.669508,-1.7257786,0.2693329,0.9134095,-0.0893898,0.4177904,0.10205507,-0.59645414,-0.7820606,-2.333929,-1.2941966
10,V,1.156009,-0.6446698,0.5584314,0.28171086,0.014815092,1.4685163,-0.24170661,-0.48572803,0.35851502,-0.20607018,-1.2215235,0.11320329,1.6092001,-0.24907708,0.39361048,0.6624334,0.28713632,0.0,-1.4965646,-0.13630319
11,D,-0.42300498,-1.5641049,0.0,-1.1256841,-1.6053082,-0.054488063,-1.3517476,-1.7192692,-1.0665153,-1.1904043,-2.0637054,-1.2436818,-0.89933956,-1.6200703,-0.97263277,-0.730126,-1.2238139,-1.2683703,-2.2759614,-1.4220375
12,R,-0.14521456,-1.7179537,-0.31880903,-0.09591913,-1.2350383,0.3507111,-1.0009866,-1.0249445,-0.4789996,-0.62173223,-1.4333811,-0.86082554,-0.4966941,-0.7047992,0.0,-0.40525198,-0.3034017,-0.42784095,-2.0062342,-1.0996594
13,V,-0.12054324,-1.9184773,-0.36314654,-0.23754382,-0.67050576,0.55901337,-1.1026907,-0.341362,-0.2957163,-0.19185185,-1.3050141,-0.63393354,-0.30924678,-0.72552705,0.02092719,-0.10050702,-0.32569695,0.0,-1.2009459,-0.8259475
14,I,-0.3203678,-1.9196005,-0.66946673,-0.7475319,-0.7996454,-0.6744499,-1.6159258,0.0,-1.4024911,-0.23002052,-1.5009484,-1.4518781,-0.78275466,-1.5270536,-1.0462191,-0.72786283,-0.6055114,0.14346552,-1.9176812,-0.94825125
15,G,0.31398845,-1.3338735,-0.92373824,-0.8750355,0.2559607,0.0,-0.907809,0.2695868,-0.626436,0.7698207,-0.88215256,-1.2104952,-0.27541876,-0.9785452,0.22023344,-0.41206622,-0.48221922,0.8242543,-0.6086786,-0.2908938
16,M,1.1587415,-0.38752174,0.5734606,0.67419124,0.95276356,1.1137304,0.21247673,1.3503814,0.39087534,1.0966682,0.0,-0.00017905235,0.8277564,0.017688036,0.9400525,0.94471407,1.0033283,1.4722898,-0.068163395,0.99146557
17,E,-0.02192545,-2.0237913,0.24450397,0.0,-1.4149561,0.7917681,-0.39544415,-0.6158409,-0.107140064,-0.79492784,-1.2591953,-0.6605425,0.23370242,-0.57617235,0.9100201,0.29222274,0.50052047,-0.062204838,-1.926466,-0.98427606
18,N,0.6301079,-1.2327282,0.34870458,0.001809597,-0.336632,0.5806892,-0.50507545,-0.2098229,0.019913435,-0.08149314,-0.85700154,0.0,0.6088004,-0.39154696,0.58529687,0.7328031,1.0772824,-0.042415142,-1.0841262,-0.31379342
19,A,0.0,-1.3560398,0.35120177,-0.18513274,-0.18519998,0.24303102,-1.0120239,-0.14091706,-0.64459324,0.14497185,-1.1757901,-0.87403655,-0.04537344,-1.0040481,-0.043654203,-0.043161154,-0.15769124,0.079972744,-0.9244702,-0.4893999
20,M,0.9126959,-1.1766181,0.82047033,1.0669465,0.71752,0.85864115,-0.007549286,0.62071633,0.83027244,1.1360576,0.0,0.18968248,0.992085,0.28725433,1.0346184,0.8562014,0.7499075,0.9082477,-0.5543852,0.27525473
21,P,-0.53995275,-2.7338505,0.24094605,-0.17081046,-0.4208908,-0.21544933,-0.9496312,-1.1470623,-0.65175176,-0.72942734,-1.8225284,-0.7799902,0.0,-0.9907336,-0.24509358,-0.36007214,-0.75980115,-0.83780575,-1.8211546,-0.9997616
22,W,-0.015996218,-1.9899161,0.53336453,0.76912236,1.6228961,0.20447755,-0.27819562,-0.5148704,-0.05269766,-0.009226084,-0.9529555,-0.3049085,-0.2793715,-0.3730061,-0.039942503,0.09202981,-0.47052407,-0.071991205,0.0,0.54457784
23,N,-0.29719186,-1.4325564,0.41054153,0.13704944,0.21089625,0.010407686,-0.032726526,-0.6764438,0.07341957,-0.2660327,-1.3391559,0.0,-0.006417036,-0.17748332,0.51885724,0.08931017,-0.13296247,-0.31389213,-0.9926636,-0.23873734
24,L,-0.5438292,-1.8165486,0.45160937,-0.077771425,-0.682462,-0.8230803,-0.7384112,-0.221771,-0.5413501,0.0,-1.2007205,-0.29427814,-0.6172645,-0.7921431,-0.09978461,-0.26132274,-0.25967646,-0.2240746,-1.3891633,-0.7862313
25,P,-1.933932,-4.8029428,0.0031244755,-0.641979,-2.4237752,-2.1194878,-2.6896663,-3.940802,-2.4155493,-3.3982506,-4.011036,-2.3560243,0.0,-2.2501736,-2.6544986,-1.4972597,-2.4185057,-3.3238559,-3.5734072,-2.8855977
26,A,0.0,-2.3466063,0.38648987,0.22250462,0.67585564,-0.21794009,0.18975306,-1.988513,-0.5114145,-1.3208694,-2.3394423,1.9086323,-1.4723401,-0.28758693,-0.3061092,-0.18902326,-0.8677492,-1.3405967,-1.1437082,0.29799438
27,D,-6.723877,-7.987669,0.0,-5.234911,-4.983142,-6.2741013,-6.060958,-8.399731,-6.841656,-7.735899,-8.4550495,-4.711389,-8.232392,-7.122728,-6.378702,-5.8410487,-7.0611334,-7.8704643,-6.8287973,-5.403113
28,L,0.25460005,-2.439612,1.0062388,0.6933689,-0.038641453,-1.5461016,-1.5676947,-0.83524895,-0.16483688,0.0,-1.533658,-1.6376729,-1.0155792,-0.5024557,0.07650781,-0.5473509,-0.74434805,-0.67073274,-2.2518287,-0.7051182
29,A,0.0,-3.3006816,0.2484119,0.09756923,-2.947897,-1.20909,-1.9315729,-2.2822409,-0.8192377,-1.8990955,-3.0085406,-1.1188066,-0.41785026,-0.9172156,-0.78787017,-0.32669258,-1.1306324,-1.478082,-4.0286794,-2.4949365
30,W,-0.28411698,-2.248828,-0.40418386,-0.27846575,2.0562482,-0.6234009,0.04891658,-1.1475801,-0.25092793,-0.065294266,-1.4316416,-0.698915,-2.3325887,-0.8063283,0.35994935,-0.0896287,-0.49682403,-0.87217784,0.0,0.78070617
31,F,-4.496755,-6.2202,-5.923175,-5.7414827,0.0,-4.973823,-6.5406685,-4.893434,-6.314029,-3.9267163,-5.404198,-6.1104746,-7.22197,-5.4555836,-5.676473,-5.699876,-5.960525,-4.7879972,-5.077246,-3.812039
32,K,-0.8708731,-2.633471,-1.6871821,-0.45064795,-3.0098863,-0.8124391,-1.0397321,-2.8303852,0.0,-2.7997508,-3.1295753,-1.5724832,-0.9544183,-0.75723827,0.32062113,-0.43355763,-0.78490674,-2.0801034,-4.21676,-1.7358958
33,R,-0.10089493,-2.6244788,-0.18172884,0.7626369,-2.3746085,-0.509573,-1.5858006,-0.64383316,0.41138554,-0.83037806,-1.8305373,-0.57710457,-0.75404334,-0.05138111,0.0,-0.3078425,-0.38358927,-0.33869267,-3.1832404,-2.6439028
34,N,-0.6267395,-1.5068104,-0.90279055,-0.40984726,-0.71054506,-1.0546899,0.28969646,-0.909647,-0.69612145,-0.5996461,-1.6529655,0.0,-1.7236142,-0.42168093,-0.049905777,-0.4747579,-0.8198855,-0.78951836,-1.7865567,-0.18982267
35,T,0.94315624,-0.70463014,0.022473812,-0.11301875,-0.99430704,0.030860662,-0.2816155,0.32876682,-0.40219402,0.32201672,-0.8179109,-0.5173669,0.009590864,-0.6271782,0.12907362,0.94555116,0.0,0.8449228,-1.6903281,-0.74500394
36,L,-0.6829159,-2.1102276,-0.5837703,-0.41373348,-1.3138785,-1.1003208,-1.3143802,0.61819136,-1.1736193,0.0,-0.87000966,-1.3157659,-0.91264033,-1.3625436,-0.909492,-0.6065936,-0.36997557,0.82423484,-1.9211173,-1.3479033
37,N,-1.5408581,-3.6140618,-0.07227373,-1.7905787,-3.3687682,0.6688125,-1.8451728,-3.4772801,-2.158867,-2.7375665,-3.433208,0.0,-2.1156454,-2.4323077,-2.1513095,-0.32687128,-1.3500804,-3.0055819,-4.454361,-3.1940093
38,K,-0.12399244,-1.7752876,-1.6636467,-1.3129425,-0.7646575,-0.35705137,-0.33255482,-0.6320696,0.0,0.18444657,-0.3151579,-0.29628658,-1.4147248,-0.11402464,1.7816921,0.41846275,0.08082867,-0.43988943,-2.070859,-0.2684431
39,P,0.1960702,-0.5228965,-1.8138497,-0.76335526,-0.47128177,0.4397738,-1.5450528,-0.63214326,-1.561064,-0.93011355,-1.9533889,-0.59166336,0.0,-0.78903985,-1.0500035,-0.08659673,0.13253856,-0.20210385,-3.5195987,-0.9392204
40,V,-1.4991893,-2.5929956,-7.1682086,-4.9691696,-1.5419828,-3.5289207,-4.711548,0.3620057,-5.4160504,-0.4114461,-0.7830714,-5.744039,-6.1099877,-2.5461364,-4.091603,-4.19342,-2.6903129,0.0,-4.1760955,-2.9431553
41,I,-2.296661,-3.110022,-6.2574983,-4.846792,-0.8153527,-4.1041627,-4.0928288,0.0,-3.6595793,0.9931154,-1.2203925,-4.5839076,-3.891263,-2.947176,-2.4160428,-3.8267312,-2.7816043,-0.26341176,-3.098755,-2.9238696
42,M,0.06692004,-0.8876059,-7.1293,-5.782346,-0.6688609,-2.5054061,-4.4476852,1.7983251,-5.8344574,0.65816,0.0,-5.1853733,-4.6168547,-4.490196,-4.7417116,-1.5469058,-0.96981716,1.130831,-3.6765573,-1.9675429
43,G,-4.6444902,-6.948921,-6.55517,-7.4745197,-8.677673,0.0,-6.930137,-8.671156,-8.285267,-8.144372,-8.710611,-6.2867823,-7.192359,-8.382381,-7.9005246,-3.0685232,-5.406395,-7.8861017,-9.7082615,-8.586954
44,R,-1.1772232,-3.144763,-3.7279773,-2.0286043,-1.5439086,-2.7432857,-2.0298398,-1.5011806,-1.0336001,-0.77194786,-1.9120755,-3.507423,-2.4031963,-2.0723956,0.0,-2.1363697,-2.299175,-1.2805746,-1.799175,-0.91247416
45,H,1.0850701,-2.3328352,0.98992896,1.5515835,-1.8350468,-0.627368,0.0,-1.2942562,2.1325657,-0.7282977,-1.3644667,0.574106,-0.87214565,0.9552555,1.8107579,1.068908,0.5470946,-0.74101067,-2.2425766,-0.969553
46,T,-2.5465634,-3.9583848,-4.1322184,-4.4040976,-2.666288,-4.7533855,-3.456651,-2.737533,-4.358634,-1.6471272,-2.8299723,-3.666939,-6.2809095,-4.682738,-4.622195,-3.4122264,0.0,-2.3307803,-3.888655,-2.4147427
47,W,-0.54121256,-3.1542292,-6.3809166,-4.165704,-0.6176765,-4.4185696,-2.3974285,-1.7292758,-5.489416,-0.97202957,-2.1500578,-3.23602,-6.4372783,-4.3532014,-4.160841,-2.8644562,-3.7636466,-1.979421,0.0,-1.1237746
48,E,-2.3193216,-5.6577086,-1.2769399,0.0,-4.713847,-4.281316,-3.5745475,-4.50617,-2.6393511,-2.8312514,-3.856506,-2.8371131,-6.6162405,-2.1409686,-2.481802,-3.177323,-3.1620536,-4.1887026,-5.737755,-4.8112564
49,S,0.46485162,-1.4711285,-1.3840146,-0.22118998,-1.0443788,-1.454627,0.16028166,-0.35807276,-0.22481203,0.2732787,-0.44129324,-0.8956299,-4.844797,-0.38141346,-0.19613743,0.0,-0.5822344,-0.46839094,-1.3770914,-0.91831446
50,I,-1.4508762,-2.770349,-4.642718,-4.0320716,-1.1251655,-3.9480567,-3.742846,0.0,-4.71481,0.6173341,-1.2524142,-4.2111487,-5.249555,-4.592587,-4.2304883,-2.6421838,-3.0303807,-0.99105024,-3.6097646,-2.7323623
51,G,-1.7232068,-3.1947544,-1.2005985,-1.693579,-3.2014081,0.0,-2.699553,-3.5725105,-1.6787117,-2.4163556,-3.6404936,-0.5743797,-2.7318172,-2.3432896,-1.6550171,-1.6667631,-2.7906482,-2.9907577,-4.22672,-3.6104295
52,R,-0.44560885,-1.9114282,-1.0381439,-0.20970893,-1.282419,-0.9826255,-1.276056,-0.73211265,-0.06597495,-0.15504622,-1.3945825,-0.5744598,-1.8001969,-0.766032,0.0,-0.5821514,-0.56156707,-0.74744725,-2.122391,-1.1189923
53,P,1.1699407,-1.0051029,0.18364906,0.3364346,0.0052273273,-0.13904572,-0.19311738,0.23373866,-0.2641456,0.67883134,-0.73035693,-0.33067894,0.0,-0.33329415,0.05898857,0.5716536,0.21677375,0.510021,-1.2133911,-0.20177722
54,L,-0.6185142,-2.8243575,-1.3516785,-0.6314963,-1.4155191,-1.683062,-1.6114398,-0.49758494,-1.1006786,0.0,-1.5601033,-1.9222518,-1.7566506,-1.5659667,-0.9402367,-1.5183808,-1.4020954,-0.43395102,-2.6058621,-1.5685841
55,P,-0.71119344,-3.653562,-0.7996019,-0.7151457,-2.660563,-1.5731691,-2.2069845,-2.0486903,-1.1351575,-1.7573432,-3.1975198,-1.6540478,0.0,-1.70651,-1.426905,-0.8205694,-1.1846312,-1.7215694,-3.9813442,-2.9449363
56,G,-0.72299445,-3.296517,-0.26398528,-0.22003376,-1.9388486,0.0,-1.8300039,-1.9414498,-0.91896975,-1.213533,-2.4548712,-1.0457789,-0.7105876,-1.4773692,-0.9431466,-0.58353484,-1.2421018,-1.4444581,-2.5760646,-1.9217016
57,R,-1.0778834,-2.863299,-2.243156,-1.6421641,-2.2718258,-1.1477178,-2.6169376,-1.7950565,-0.61166465,-1.4219178,-2.6101675,-2.2924657,-2.333562,-1.824212,0.0,-1.7569541,-1.816614,-1.2343444,-2.8766222,-2.041564
58,K,-0.10763693,-1.37868,-0.4548521,-0.033762693,-0.461869,-0.34630322,-0.6736977,-0.45612597,0.0,-0.14167142,-1.3563035,-0.63091373,-0.012139797,-0.57933164,0.4402821,-0.21815443,-0.14106202,-0.09716225,-1.0657651,-0.18578982
59,N,2.332234,0.7473712,-1.1736064,-0.65240383,1.7780037,0.9245057,0.3576131,3.6142592,0.3346448,3.1227548,1.4948835,0.0,1.200712,-0.3125949,1.1013179,0.76055765,1.8414185,3.403483,0.9099269,1.4565692
60,I,-1.9367154,-3.2140925,-4.9882507,-4.261218,-1.1457527,-3.4383981,-3.7806818,0.0,-3.6833432,0.030672073,-2.1437538,-4.65312,-3.336714,-4.04827,-2.6455138,-3.713465,-2.923424,-0.265795,-2.2226322,-1.9237249
61,I,-1.4842457,-2.6107278,-3.285884,-3.3667936,-0.64466894,-2.5516286,-2.4003482,0.0,-2.9030938,-0.0068736076,-1.9757396,-3.437036,-3.7617445,-3.3499818,-1.277069,-2.5934863,-2.4032807,0.0025792122,-2.4155455,-1.0399455
62,L,-1.3134446,-2.466124,-3.1131697,-3.552216,-0.8806038,-2.1678255,-2.4829445,0.22386694,-3.1252046,0.0,-2.0184202,-3.4024734,-3.0888853,-3.4299855,-0.67747545,-2.2958446,-1.7145958,0.29079914,-2.8265939,-1.5985894
63,S,0.9585457,-0.27761078,-1.8562479,-1.9402347,0.44100237,0.07027054,-0.8247504,1.5017055,-0.9825916,1.5935645,-0.15670109,-1.4651923,-0.41871357,-1.3512478,1.2348948,0.0,0.78136945,1.8450698,-1.3677607,-0.06037569
64,S,0.21965551,-1.1380911,-0.55747795,-0.37767172,-0.39920568,0.16832209,-0.27470326,-0.31301332,-0.14365745,0.07174444,-1.2328386,-0.72044516,-0.062405586,-0.768368,1.2835677,0.0,0.21428204,0.0247612,-0.9625943,0.049498558
65,Q,1.1318109,-0.95635605,0.44427896,0.7411969,0.6133969,0.8671148,0.18247437,1.0732596,0.6656761,1.2430217,0.12183046,-0.026468754,0.9867511,0.0,1.0297647,0.7693136,0.5524831,0.96874046,-0.47911644,0.8635528
66,P,-0.14222193,-2.0405865,-0.6145077,-0.61156225,-0.0042858124,-0.43061972,-1.2868662,-0.34187388,-1.0225344,0.0007612705,-1.2688036,-0.9790964,0.0,-1.1846318,-0.76594543,-0.31566215,-0.57784176,-0.4331715,-1.1668465,-0.27594876
67,G,-0.07348013,-1.8757243,-0.067355156,-0.06971049,-0.0076162815,0.0,-1.0624685,0.06687164,-0.45345688,0.49613404,-0.9054413,-0.8228409,-0.38983846,-0.85446787,-0.30868244,-0.25150394,-0.37774825,0.22692704,-1.0343142,-0.48127627
68,T,0.34581923,-1.255054,0.15979624,0.21190667,0.83307505,0.21354628,-0.5380273,0.60907936,-0.024335861,0.9733677,-0.5013249,-0.45549226,0.3680594,-0.44495273,0.16901541,0.18871403,0.0,0.57586193,-0.5317941,0.26790643
69,D,0.044178963,-2.2859824,0.0,-0.11428547,-0.10158205,0.1479299,-1.1926401,-0.042409897,-0.48747706,0.3511622,-1.0351744,-0.8761294,0.39975142,-0.9819207,-0.43154693,-0.16790247,-0.29882693,0.060987473,-1.2452152,-0.64244246
70,D,-0.34312963,-1.9500227,0.0,-0.16418815,-0.8259387,0.578336,-1.2153792,-0.9155011,-0.7842264,-0.33497977,-1.6901016,-0.84054923,-0.18160152,-1.0975387,-0.487082,-0.48874664,-0.8341055,-0.622803,-1.4277928,-0.85030866
71,R,0.04759264,-1.8155315,0.31799126,0.11314511,-0.6131761,0.8008163,-0.7723408,-0.8502717,-0.4063475,-0.30406404,-1.4007003,-0.5116768,0.8028493,-0.663882,0.0,0.09676242,-0.17435312,-0.3751068,-1.392245,-0.52352405
72,V,-0.052508593,-1.9494565,-0.16926074,0.121492386,-0.3092301,-0.039891243,-1.2261033,-0.16981101,-0.3470223,0.25064898,-1.0819595,-0.8617053,0.15362024,-0.70788693,-0.24042082,-0.18557334,-0.33885312,0.0,-1.047739,-0.61293674
73,T,0.3803866,-0.8530042,-0.49813962,-0.033964396,-0.2927227,-0.46101928,-1.0132086,0.14094472,-0.97405744,0.7248635,-1.0384285,-1.3597133,0.20452619,-0.8617737,-0.24538732,-0.20025778,0.0,0.69477487,-1.5850828,-0.42225003
74,W,1.3262026,-0.032935858,0.37538218,1.1498051,0.5920098,0.7549193,0.070483685,0.9282172,0.32440376,1.3577812,0.12940931,-0.28736234,1.7865138,0.34138894,1.1595078,1.2371848,1.1644695,1.6846039,0.0,0.6438403
75,V,-0.27444363,-1.5609262,-3.2924788,-2.6962326,-1.0669875,-1.727942,-3.7081816,-0.94538045,-3.2504961,-1.3523195,-2.6565087,-3.7690108,-2.0908258,-3.0387795,-2.6919281,-1.6093485,-1.5866311,0.0,-3.1167023,-2.6894753
76,K,0.015212536,-2.4562469,0.74186265,0.5421152,-2.7505636,0.062282324,-0.8753886,-2.978459,0.0,-2.0050788,-2.869883,-0.10388541,0.56517935,-0.5796294,0.1778686,0.49644995,0.054042578,-2.1204658,-3.4764123,-2.108436
77,S,-0.47346425,-2.7953897,-0.5539069,-1.1996171,-2.1378155,-1.0486932,-1.9149408,-1.8991208,-1.5293288,-1.0671089,-2.4822397,-1.123877,0.8014126,-1.8268368,-1.2000916,0.0,-0.060106754,-1.2651145,-3.0030694,-1.9082909
78,V,-0.22886729,-2.6691089,-2.8784094,-2.055646,-0.98831654,-2.387548,-2.5486827,-0.4832325,-1.8296213,0.034193754,-1.3704276,-2.8711524,-0.4798107,-2.6866736,-1.095542,-1.9193859,-1.21011,0.0,-1.7667537,-1.2744641
79,D,-1.2970233,-3.8210263,0.0,0.015978098,-3.494946,-1.5647335,-2.6124477,-3.0170798,-1.4152989,-2.3701055,-3.5408158,-1.9184284,-1.5623336,-1.5428405,-1.313786,-1.4042754,-2.05624,-2.5307398,-4.4291635,-3.307938
80,E,-1.1388124,-5.4383087,-0.47704148,0.0,-4.2547493,-2.59261,-3.0781865,-4.1920877,-1.9656161,-3.042274,-3.9652634,-2.8354216,-4.3673835,-1.5749768,-1.8673924,-2.3043752,-2.6035533,-3.761642,-4.31121,-3.8898525
81,A,0.0,-2.7206793,-4.710453,-4.0961366,-2.3858228,-2.6510668,-4.9862194,-1.6888466,-5.2455387,-1.5648503,-2.5697958,-5.4664454,-5.794034,-4.4519067,-4.9636135,-2.921644,-2.2514586,-1.2219121,-3.635998,-3.5037615
82,I,-1.0267191,-2.253176,-4.052666,-1.8974216,-1.2798274,-3.7747226,-3.132321,0.0,-1.4740167,0.32642245,-1.2840364,-3.6460633,-4.3276067,-2.5220447,-1.0929296,-3.1140547,-2.7575126,-0.18325102,-2.3909712,-2.1120412
83,A,0.0,-4.4830937,-1.2197202,-0.4645729,-4.2807035,-2.2189445,-3.1221294,-3.4658327,-1.0163509,-2.5861592,-3.7969828,-2.2436428,-4.3384657,-1.4958302,-1.0471059,-1.2099439,-1.9801265,-2.9210534,-4.8797755,-4.397792
84,A,0.0,-2.6260734,-2.0392883,-1.1611671,-1.206897,-2.336565,-1.9505291,-0.4759891,-1.6777246,-0.1668297,-1.7474756,-2.7559853,-4.967974,-1.8618703,-1.3704281,-1.8127832,-1.8406854,-0.4804654,-2.7952847,-1.7927365
85,C,2.3012629,0.0,-1.13835,-0.81779146,-0.055855274,0.2388835,-0.50877047,0.5104017,-0.8250737,0.9565871,-0.46592808,-0.7081003,-1.7953782,-1.074729,-0.48002625,0.80592895,-0.14358568,0.96104956,-1.7117376,-0.38426065
86,G,0.28716516,-2.6117642,-1.1900365,-0.39157796,-2.9371197,0.0,-1.806608,-2.3854964,0.20208073,-1.3550851,-2.663699,-1.6432126,0.7081884,-0.6209099,0.45401418,-0.23757124,-0.83346057,-1.7487905,-3.9055812,-3.0376732
87,D,-0.8977468,-2.8673851,0.0,-0.2693026,-2.060221,-1.0929043,-1.6956902,-1.9509695,-0.80630994,-1.559237,-2.8855612,-0.90561104,-1.0615768,-1.1810143,-1.0931926,-0.8908589,-1.3714969,-1.754036,-3.3579829,-1.863481
88,V,0.6956277,-1.3055472,0.77073693,0.86957216,-0.7334533,-0.03554201,-0.2985642,-0.46284747,1.0263488,0.29877996,-0.9211168,0.21343517,-0.28567696,0.1758585,1.1685927,0.15214539,0.1082983,0.0,-1.615583,-0.63602734
89,P,0.49913073,-2.134252,2.0957432,1.3711691,-2.3523746,0.754611,-0.4113927,-2.0667076,1.0716953,-1.5663624,-2.4358964,0.4289925,0.0,0.40320635,0.6287875,1.0756135,0.6060715,-1.1708522,-3.5388556,-2.1375136
90,E,0.20355582,-1.161139,-0.19752717,0.0,-0.57860327,-0.2997074,-0.18943214,-0.108358145,-0.006891012,0.17806792,-1.0564752,-0.39011717,-0.73470926,-0.435472,0.3646984,-0.07938647,0.40614223,0.62514305,-1.4198723,-0.85481024
91,I,-0.95980096,-2.549877,-2.644633,-2.3060715,-1.5929632,-1.762857,-2.6948464,0.0,-2.0090559,-0.20450568,-1.8930318,-2.6756933,-1.7829807,-2.5465596,-1.5834968,-2.037813,-1.477905,0.19953418,-2.6709087,-2.472545
92,M,0.90298843,-0.3990245,-1.4688535,-0.8673029,1.3916407,-0.5867634,0.14996147,1.5192213,-0.87966347,1.7703967,0.0,-1.3613305,-1.2433758,-1.032187,-0.15634012,-0.65476704,0.19117069,1.8777009,0.48760653,1.8058573
93,V,-1.7642896,-2.8999608,-3.7592442,-3.1269367,-1.0731728,-2.7646935,-3.526868,-0.10587692,-3.2415078,-0.061350346,-2.0210152,-3.7209513,-2.3154051,-3.1156723,-2.6753857,-2.7687266,-2.2463298,0.0,-3.0153406,-2.3838892
94,I,-0.5309868,-1.221374,-1.9120321,-1.7750533,-0.6987462,-1.06465,-1.545671,0.0,-2.3760543,-0.090639114,-1.4066124,-1.7775097,-1.7376902,-2.3164492,-1.8179722,-0.7590549,-0.5779133,0.13488436,-2.1181083,-1.0820537
95,G,-1.2344482,-2.7066002,-2.2526777,-2.459502,-3.019537,0.0,-2.7769766,-2.5382614,-2.9194913,-2.4899595,-3.5251966,-2.5861413,-1.9892251,-2.8923898,-2.1917727,-1.1911628,-1.2472696,-1.9556031,-4.1595526,-2.9413142
96,G,-0.5300095,-2.4707778,-1.2582266,-1.5132167,-1.7692516,0.0,-1.9403896,-1.7313933,-1.4940841,-1.4690433,-2.323581,-1.5306704,-1.0799866,-2.070537,-1.1251333,-0.65671325,-0.9012699,-1.4820554,-2.5571835,-1.6378129
97,G,-1.0517635,-2.7463868,-1.1825402,-1.1879854,-2.1923802,0.0,-1.8566899,-2.218876,-0.8518379,-1.7530172,-2.6575892,-1.3889966,-1.1995661,-1.7777474,-0.6231344,-0.9332917,-1.5276816,-1.822849,-2.66766,-1.760339
98,R,-0.20156193,-2.3807445,-0.4706335,-0.24956822,-1.0586281,0.03322649,-1.0234132,-0.9443741,-0.22900796,-0.58505297,-1.4895434,-0.8208456,-0.1276784,-1.0012789,0.0,-0.13465929,-0.4227023,-0.6257224,-1.718852,-1.0631657
99,V,0.14307022,-1.5776253,0.09072113,-0.14337516,0.09797597,-0.040273428,-0.435508,-0.23749852,-0.2844081,0.45646882,-0.9081924,-0.29284573,-0.19064212,-0.66162586,0.20749426,0.14648104,0.046902657,0.0,-1.1444879,-0.11605811
100,Y,1.1983523,-0.99124575,0.43082523,-0.14421129,0.23030853,0.27605557,-0.09930587,0.56021714,0.46649456,1.2311206,-0.20521021,-0.111926556,1.9114032,-0.2847612,1.1141651,0.8751097,0.43520403,0.87595963,-0.57428503,0.0
101,E,-0.34191465,-2.7124557,-0.26220226,0.0,-2.1565108,-0.58368444,-1.0522938,-2.6168818,-0.23480225,-1.1647067,-2.3539615,-1.1087689,-0.32655478,-0.56814384,0.47117817,-0.2612188,-1.0020988,-1.991694,-2.2895837,-1.6260161
102,Q,0.66239,-2.0252256,0.73281384,0.71214557,-0.88930607,0.16938806,0.023201466,-0.77941704,0.5713904,-0.05851841,-1.261138,-0.24713516,0.30317903,0.0,1.075752,0.6013024,0.22637987,-0.40009546,-1.2054806,-0.6292474
103,F,0.7010474,-1.5910792,0.27843142,-0.44659495,0.0,-0.6357174,-0.5686717,0.5896492,-0.85484886,1.3310331,-0.4289055,-0.6351085,-0.9542365,-0.939445,-0.31906652,-0.36065722,-0.27359414,0.5799246,-0.45664334,-0.20939708
104,L,-0.66947234,-2.614664,-1.1140853,-1.7660271,-0.98233926,-0.96839774,-1.9283153,-0.8061701,-1.4138085,0.0,-1.8738805,-1.9840342,-1.3320397,-2.2334757,-0.9633337,-1.0617427,-1.4680105,-0.6458837,-1.9545697,-1.5652572
105,P,0.2310822,-3.3374472,-0.4330511,0.14587808,-2.506288,-0.31324387,-1.8261576,-2.1604323,-0.07071495,-1.1695786,-2.5952344,-1.3427927,0.0,-0.56984305,-0.04808998,-0.200315,-0.87266016,-1.5170159,-3.063074,-2.7912822
106,K,-0.011113882,-2.2486606,-0.29286575,-0.05191374,-0.34666276,-0.017597675,0.010379791,-0.61856604,0.0,0.42514992,-1.0604415,-0.55863047,-1.2371254,-0.3207767,0.32473588,-0.5300255,-0.8343766,-0.4570923,-0.8563242,0.013528585
107,A,0.0,-1.4642096,-0.59289074,-0.9647193,-0.3980744,0.091091156,-1.05899,-0.009887695,-1.2283897,0.61916673,-1.1210623,-0.9662602,-1.3635874,-1.6540537,-0.89860487,-0.8370333,-0.8976698,0.18237948,-1.5995746,-0.6235337
108,Q,0.38012576,-1.6704693,0.7215204,0.8527632,-1.6821089,0.5372741,-0.81511354,-1.0602946,1.2037411,-0.50643206,-1.5162783,-0.56943893,0.08115673,0.0,1.1309274,0.35521173,0.09190726,-0.2761507,-2.286827,-1.6928139
109,K,-0.2919619,-2.1131606,-1.0265427,-0.6150179,-1.391531,-0.66425467,-0.8045888,-0.73128605,0.0,-0.59674644,-1.8084707,-0.9245696,-1.3509202,-0.90885496,0.5145167,-0.45759416,-0.3076551,-0.34563637,-2.0767102,-1.3733349
110,L,-0.5995004,-2.2948086,-1.5398252,-1.2839968,-1.0815928,-0.8839183,-1.814739,0.21860242,-1.1661656,0.0,-1.8877008,-1.8963072,-1.795306,-1.9989178,-0.6730974,-1.4276559,-1.2114341,0.46390688,-2.0522196,-1.4237587
111,Y,1.0129116,-0.6817713,1.241838,0.7450371,0.28156996,4.614687,0.6802454,0.49073744,1.4567633,1.0670152,-0.29934072,1.5729678,0.4363575,0.42238665,1.524471,0.9827945,0.42555714,0.8115754,-0.78216076,0.0
112,L,-0.57165504,-1.9999609,-1.4187434,-1.06112,-0.572732,-0.69826484,-2.004498,-0.26515937,-1.168983,0.0,-1.8447499,-2.0597954,-1.6213784,-1.3305218,-0.5439544,-1.254992,-1.3070126,0.13128209,-1.830926,-1.6000328
113,T,0.0642457,-1.025883,-0.32170105,-0.41433144,-0.6032672,-0.21008039,-0.6152046,-0.33992743,-0.12672663,0.20430517,-1.1910877,-0.49442577,-0.142066,-0.8819883,0.38736606,0.0249331,0.0,0.09065151,-1.3634605,-0.70312643
114,H,0.9284942,-0.4406941,0.7260766,0.4970014,0.11646414,2.0817757,0.0,0.2546594,0.5305457,0.7375946,-0.60456586,0.1836536,0.6409538,-0.11196923,1.3276279,0.8851521,0.6560626,1.0125618,-0.56493974,-0.022722244
115,I,0.20963025,-1.2179677,-0.2326901,-0.3380537,-0.0024898052,0.17219353,-0.6795316,0.0,-0.6046672,0.46374917,-1.1307828,-0.4820149,0.9661131,-0.96939135,0.1542728,0.11411929,-0.31297946,0.07558727,-0.6451423,-0.23973823
116,D,-0.35327458,-1.9786973,0.0,-0.5555022,-1.0550964,-0.014995813,-1.0002913,-0.99309707,-0.68235373,-0.44143724,-1.7185946,-0.7399256,0.055744648,-1.2462606,-0.25955486,-0.23904204,-0.598392,-0.66718984,-1.8586402,-1.1227243
117,A,0.0,-1.3467128,-0.39043832,-0.3384912,-0.08700919,0.037489414,-1.0065982,0.008093119,-0.73937154,0.3151052,-1.0122607,-1.117523,0.41085362,-1.1339796,-0.004994154,-0.3778391,-0.4631045,0.15017104,-1.0334101,-0.33751988
118,E,0.22558022,-1.2840712,-0.048707962,0.0,0.19651818,-0.006067753,-0.69074607,0.4049399,-0.37050438,0.6704514,-0.5544379,-0.8249941,-0.22644424,-0.82326007,0.19075012,-0.0008575916,-0.054264545,0.74285626,-0.50089383,-0.024109125
119,V,0.06460309,-1.7461667,-0.34333658,-0.27826214,0.04053998,0.15752816,-0.79550004,0.13713956,-0.29939604,0.35419822,-0.98148084,-0.76727724,0.07660961,-1.0145252,0.05125022,-0.26426005,-0.3431642,0.0,-0.6136613,-0.2598896
120,E,0.3551712,-1.1429081,0.068520784,0.0,0.43744206,0.10500479,-0.56109214,0.5555825,-0.34198523,0.77606845,-0.66591024,-0.5714109,0.17051053,-0.8163035,0.065020084,0.18332338,-0.031532526,0.49419522,-0.41946697,0.11257005
121,G,0.07514024,-1.7074151,-0.29858637,-0.26980662,-0.12319279,0.0,-1.0220654,0.020827293,-0.49804497,0.30483913,-1.1007872,-0.90990233,-0.05102396,-1.079303,-0.03091693,-0.26080894,-0.40086412,-0.0026037693,-0.81408024,-0.6078472
122,D,0.37686944,-0.99935985,0.0,0.39405584,0.48939848,0.4795046,-0.26896024,0.6100924,0.25148845,0.8756211,-0.3095951,-0.44237328,-0.3089888,-0.34631658,0.7876606,0.14340973,0.044355154,0.76904273,-0.12881827,0.23715734
123,T,0.37436652,-1.0194788,0.41609216,0.62295437,0.4693048,0.689692,-0.3186252,0.40832925,-0.07618141,0.7480016,-0.6444807,-0.56316113,0.65065217,-0.51694155,0.5162432,0.20044565,0.0,0.51350546,0.080525875,0.32831192
124,H,0.9317615,-0.628495,1.0230932,0.773525,0.87731814,0.8768287,0.0,0.74916506,-0.07457471,1.2418633,-0.53298974,-0.092639685,1.3448765,-0.183738,0.90544724,0.8952446,0.63307,1.1424599,0.20694351,0.72401476
125,F,-0.24593425,-1.5690491,0.121217966,-0.4125421,0.0,-0.41264105,-0.48293138,-0.15510368,-0.978009,0.45012498,-1.2092457,-0.5717211,-0.24284959,-1.0135477,-0.019771814,-0.4523375,-0.6078739,-0.16749787,-0.5533204,-0.07834864
126,P,-0.0204463,-1.6083734,-0.14965916,-0.2354877,-0.1932106,-0.1803081,-1.0889909,-0.18491101,-0.93879914,0.11563945,-1.4450386,-1.3197663,0.0,-1.3003461,-0.32059526,-0.24511385,-0.49752522,0.016527891,-1.0094874,-0.40348005
127,D,0.0097157955,-1.5074711,0.0,-0.1447072,-0.23209548,0.3828292,-0.9281173,-0.32373667,-0.9470644,0.21181536,-1.3211486,-1.0536501,-0.37114716,-0.97178054,-0.33397818,-0.28140473,-0.5808835,0.12118864,-1.1910081,-0.6416867
128,Y,0.40297508,-1.0578804,0.0011582375,-0.30389977,0.3421378,0.25782514,-0.84992075,0.51438403,-0.8588505,0.9379306,-0.5277052,-0.8952651,0.5780122,-1.0804138,-0.22732067,-0.22546005,-0.26783752,0.51834893,-0.55233073,0.0
129,E,0.210248,-1.368186,0.48842883,0.0,-0.39162755,0.1395638,-0.40207124,-0.5072286,-0.20578098,0.41868877,-1.1188726,-0.42454863,-0.10137129,-0.39238048,0.47248626,0.43035293,0.19022298,-0.043879747,-1.1775565,-0.43562794
130,P,-0.3675084,-2.1216474,-0.45326138,-0.6091113,-0.4830525,-0.36335683,-1.5306487,-0.31040668,-1.0071063,-0.1054225,-1.5973053,-1.3305709,0.0,-1.47187,-0.569463,-0.6302078,-0.84641933,-0.36160064,-1.2933927,-1.095119
131,D,0.34607673,-1.7040379,0.0,0.37917852,-0.21146512,0.075213194,-1.2185552,0.049990416,-0.50158477,0.30836797,-1.1190848,-1.290262,-0.08710551,-0.86182666,-0.42308164,-0.07114196,-0.5114448,0.3509829,-1.4917276,-0.7950771
132,D,-0.22513747,-2.0937567,0.0,-0.17532611,-0.60732985,-0.15146303,-1.0606189,-0.8667855,-0.64610505,-0.32084036,-1.8162861,-0.8541105,-0.844259,-0.8801074,-0.008155823,-0.26838303,-0.61041474,-0.42332506,-1.4454296,-0.9186368
133,W,0.13813591,-1.5812941,-0.26489496,-0.4306841,0.56743145,-0.36256242,-1.2517037,0.67576694,-1.1546121,0.9841527,-0.66110086,-1.4408832,0.30884266,-1.365478,-0.27874708,-0.6770601,-0.71869564,0.63125896,0.0,0.09043884
134,E,-0.33166504,-2.2660887,-0.25198913,0.0,-1.1930048,-0.8712809,-1.3959525,-0.6809175,-0.15288758,-0.26311183,-1.6211712,-1.0126274,-0.5331223,-0.534384,-0.00043582916,-0.5379274,-0.8267615,-0.4381492,-2.017763,-1.5667832
135,S,0.52410173,-2.1979208,-0.10959768,0.20883179,-0.81085443,-0.3361516,-1.0102305,-0.19088268,0.5045433,-0.043189526,-1.1473632,-0.73020864,0.1782608,-0.3308742,0.62369823,0.0,0.009486198,-0.009030104,-1.2282181,-1.1453781
136,V,-0.1446023,-1.7653685,-0.4978509,-0.5438709,-0.1363635,-0.6025288,-1.0444527,-0.26449013,-1.1054468,0.29438543,-1.2895908,-1.5029154,-0.7142627,-1.298974,-0.035077095,-0.6878438,-0.8720908,0.0,-0.6877439,-0.40211535
137,F,0.22990465,-1.2737367,-0.69135165,-0.07112241,0.0,-0.6061909,-1.1722777,0.25334144,-0.108145,0.952248,-0.57093763,-1.5156338,-0.117679834,-0.75055623,0.5244732,-0.32982826,-0.4168241,0.5291357,-0.4644482,-0.45148635
138,S,0.585474,-1.5092435,0.32678556,0.27794123,-0.56637764,0.21978617,-0.98288393,-0.38457823,-0.30964947,-0.017917871,-1.5620537,-0.86425257,0.12919068,-0.44751048,0.27270675,0.0,-0.2853732,0.18642402,-1.4759641,-0.8119526
139,E,0.8141401,-1.195077,-0.13768125,0.0,-0.09903622,0.044387817,-0.2994938,-0.1735034,-0.2779832,0.64414215,-0.9039967,-0.8655286,-0.32398772,-0.36931086,0.88679147,0.17785859,-0.23125124,0.14772987,-0.22513103,-0.24184918
140,F,-0.07411981,-1.5965736,-0.4762354,-0.37420344,0.0,-0.29122567,-0.82411075,0.29871035,-0.79250693,0.75207865,-0.653795,-0.9311006,-0.42227864,-1.0228388,-0.27126646,-0.47480345,-0.50961804,0.14142847,-0.23840642,-0.20616174
141,H,1.5586095,-0.08481264,1.2356887,1.1029177,1.0817869,1.4589059,0.0,1.0568256,0.7200582,1.5938308,0.054835796,0.16763258,1.6271284,0.22942424,1.1785123,1.3010886,1.0304425,1.3640459,-0.0036563873,0.6784055
142,D,0.2654729,-1.4065688,0.0,-0.039088488,0.14788842,0.3589909,-0.78817534,0.18925261,-0.42675138,0.5746834,-1.1017206,-0.8014622,0.32101607,-0.5295472,0.16089916,-0.0091784,-0.249933,0.29714322,-0.6722355,-0.2643838
143,A,0.0,-1.7489588,-0.09865999,0.011194468,-0.1778686,0.03250599,-1.0789902,-0.023559332,-0.6726172,0.2788663,-1.212528,-1.0541608,0.20922971,-0.94708824,-0.23418283,-0.3069029,-0.5490594,-0.01811552,-0.76916957,-0.4933238
144,D,0.7894163,-0.64107823,0.0,-0.20726061,0.6566515,1.1168268,-0.5584345,0.7034261,-0.3336482,1.1378527,-0.19285607,-0.4990561,-0.25006938,-0.5517206,0.0942018,0.054576397,-0.023610115,0.8009255,-0.49436355,0.21506
145,A,0.0,-1.488008,-0.03571844,-0.014410734,0.006018877,0.56105065,-0.66379404,-0.0013759136,-0.39112234,0.25489044,-1.1226158,-0.5474186,0.17728901,-0.72803736,0.2213633,-0.14066982,-0.37459993,0.04141736,-0.4025507,-0.085109234
146,Q,0.8968744,-0.85034084,0.79076433,1.0082524,0.6813874,0.9263654,-0.36948776,1.0815237,0.38645315,1.1510944,-0.25101805,-0.044487953,0.782887,0.0,0.74689484,0.6495788,0.39235187,1.3043749,-0.07639837,0.15371132
147,N,0.8838506,-0.60412073,0.36974382,0.462739,0.89798975,0.9672265,-0.099695444,1.3816876,0.32253075,1.4062295,-0.17142725,0.0,0.76774573,-0.02550745,0.7906685,0.5977564,0.5432296,1.4377937,-0.1661737,0.37433887
148,S,0.3126073,-1.0797398,0.08742833,-0.11402631,0.07408881,0.70238423,-0.44352937,0.27366495,-0.32516766,0.5900929,-0.85164404,-0.3733394,0.5430155,-0.54260015,0.42663264,0.0,-0.12399149,0.32020044,-0.5287082,-0.001803875
149,H,1.0717869,0.53468204,0.6878586,0.5645976,0.62119627,1.3499589,0.0,0.81441593,0.4065547,1.278662,-0.19904065,0.10592604,0.85775065,0.08418226,1.0878832,0.79440784,0.51790833,1.0127974,-0.17030501,0.5350385
150,S,0.21830416,-0.70224047,0.031924725,-0.259305,-0.19385624,0.68144464,-0.3895657,0.15989494,-0.517993,0.4456973,-1.2546916,-0.55864906,0.18309307,-0.5863261,0.4071324,0.0,-0.10763621,0.35076475,-1.1454759,-0.2662804
151,Y,0.115262985,-1.1692734,-0.12753296,-0.38603687,-0.019841671,0.2615869,0.42896152,0.14743543,-0.43816924,0.5500908,-1.0301478,-0.49872923,-0.012273788,-0.62163854,0.4178841,-0.074706554,-0.15411353,0.32385278,-1.0116382,0.0
152,C,1.5514977,0.0,0.8939643,0.8668351,0.9235785,1.7415628,0.6437025,1.4008482,0.50383544,1.9284022,0.014476299,0.16953897,1.0747151,0.4328823,1.7932668,1.1845458,1.1062124,1.6577582,0.15010142,0.85525155
153,F,0.14655972,-1.3507276,-0.925349,-0.60728025,0.0,-0.6097753,-1.1643434,0.3247075,-0.09275198,0.75149393,-0.93557906,-1.482099,-0.8582897,-0.6640849,0.59037304,-0.7026615,-0.60294604,0.52492476,-0.90256,-0.21442842
154,E,1.8796654,0.059006214,-0.7611594,0.0,1.790173,0.45761156,-0.45508623,2.2375536,-0.40185118,2.6679528,0.88251233,-1.2770395,-1.1471634,0.04104805,0.25312996,0.42964864,0.9497068,2.7165363,0.4618976,1.1882243
155,I,-1.0837196,-2.6658874,-2.4465213,-1.8215545,-1.1680299,-2.0689893,-2.6688824,0.0,-1.237378,0.025114179,-1.8314694,-2.889824,-1.6643809,-2.4011579,-1.0195016,-1.9106652,-1.628815,0.071991205,-1.8728338,-1.8472749
156,L,-0.6144414,-2.2027621,-1.441061,-0.9114456,-0.29632115,-0.9711187,-1.8829932,-0.60133123,-0.85946107,0.0,-1.5093284,-2.0687237,-1.0240407,-1.8318474,-0.5043249,-0.9579849,-1.072125,-0.5510912,-0.8441448,-0.33366728
157,E,-0.21537805,-1.8439093,-0.8933325,0.0,-1.3182347,-0.41371298,-1.3469248,-0.9791665,0.50905514,-0.34280324,-2.0346842,-1.1247404,-0.44805884,-0.67549706,0.8915911,-0.27454138,-0.56744814,-0.58965206,-1.929388,-1.3217297
158,R,-0.8757311,-2.4940228,-1.2728597,-0.7687422,-1.6766287,-0.8066832,-1.8845593,-0.9554087,-0.1562599,-0.6142856,-2.173499,-1.255375,-1.4454175,-1.4749781,0.0,-0.78380287,-1.0904762,-0.8114933,-2.094921,-1.7535471
159,R,-0.23975325,-1.8667531,-0.87125254,-0.5934105,-0.97636414,-0.6273596,-1.5362267,-0.36054707,-0.3224702,0.39802563,-1.786138,-1.3800392,-0.9462161,-1.2406094,0.0,-0.39410615,-1.1677172,-0.30998826,-1.8773546,-1.4423118
